from,to
622CE,0/622
623CE,1/623
624CE,2/624
625CE,3/625
626CE,4/626
627CE,5/627
628CE,6/628
629CE,7/629
630CE,8/630
631CE,9/631
632CE,10/632
633CE,11/633
634CE,12/634
635CE,13/635
636CE,14/636
637CE,15/637
638CE,16/638
639CE,17/639
640CE,18/640
641CE,19/641
642CE,20/642
643CE,21/643
644CE,22/644
645CE,23/645
646CE,24/646
647CE,25/647
648CE,26/648
649CE,27/649
650CE,28/650
651CE,29/651
652CE,30/652
653CE,31/653
654CE,33/654
655CE,34/655
656CE,35/656
657CE,36/657
658CE,37/658
659CE,38/659
660CE,39/660
661CE,40/661
662CE,41/662
663CE,42/663
664CE,43/664
665CE,44/665
666CE,45/666
667CE,46/667
668CE,47/668
669CE,48/669
670CE,49/670
671CE,50/671
672CE,51/672
673CE,52/673
674CE,53/674
675CE,54/675
676CE,55/676
677CE,56/677
678CE,57/678
679CE,58/679
680CE,59/680
681CE,60/681
682CE,61/682
683CE,62/683
684CE,63/684
685CE,64/685
686CE,66/686
687CE,67/687
688CE,68/688
689CE,69/689
690CE,70/690
691CE,71/691
692CE,72/692
693CE,73/693
694CE,74/694
695CE,75/695
696CE,76/696
697CE,77/697
698CE,78/698
699CE,79/699
700CE,80/700
701CE,81/701
702CE,82/702
703CE,83/703
704CE,84/704
705CE,85/705
706CE,86/706
707CE,87/707
708CE,88/708
709CE,89/709
710CE,90/710
711CE,91/711
712CE,92/712
713CE,93/713
714CE,94/714
715CE,95/715
716CE,96/716
717CE,97/717
718CE,99/718
719CE,100/719
720CE,101/720
721CE,102/721
722CE,103/722
723CE,104/723
724CE,105/724
725CE,106/725
726CE,107/726
727CE,108/727
728CE,109/728
729CE,110/729
730CE,111/730
731CE,112/731
732CE,113/732
733CE,114/733
734CE,115/734
735CE,116/735
736CE,117/736
737CE,118/737
738CE,119/738
739CE,120/739
740CE,121/740
741CE,122/741
742CE,123/742
743CE,124/743
744CE,125/744
745CE,126/745
746CE,127/746
747CE,128/747
748CE,129/748
749CE,130/749
750CE,132/750
751CE,133/751
752CE,134/752
753CE,135/753
754CE,136/754
755CE,137/755
756CE,138/756
757CE,139/757
758CE,140/758
759CE,141/759
760CE,142/760
761CE,143/761
762CE,144/762
763CE,145/763
764CE,146/764
765CE,147/765
766CE,148/766
767CE,149/767
768CE,150/768
769CE,151/769
770CE,152/770
771CE,153/771
772CE,154/772
773CE,155/773
774CE,156/774
775CE,157/775
776CE,158/776
777CE,159/777
778CE,160/778
779CE,161/779
780CE,162/780
781CE,163/781
782CE,165/782
783CE,166/783
784CE,167/784
785CE,168/785
786CE,169/786
787CE,170/787
788CE,171/788
789CE,172/789
790CE,173/790
791CE,174/791
792CE,175/792
793CE,176/793
794CE,177/794
795CE,178/795
796CE,179/796
797CE,180/797
798CE,181/798
799CE,182/799
800CE,183/800
801CE,184/801
802CE,185/802
803CE,186/803
804CE,187/804
805CE,188/805
806CE,189/806
807CE,190/807
808CE,191/808
809CE,192/809
810CE,193/810
811CE,194/811
812CE,195/812
813CE,196/813
814CE,198/814
815CE,199/815
816CE,200/816
817CE,201/817
818CE,202/818
819CE,203/819
820CE,204/820
821CE,205/821
822CE,206/822
823CE,207/823
824CE,208/824
825CE,209/825
826CE,210/826
827CE,211/827
828CE,212/828
829CE,213/829
830CE,214/830
831CE,215/831
832CE,216/832
833CE,217/833
834CE,218/834
835CE,219/835
836CE,220/836
837CE,221/837
838CE,222/838
839CE,223/839
840CE,224/840
841CE,225/841
842CE,226/842
843CE,227/843
844CE,228/844
845CE,229/845
846CE,231/846
847CE,232/847
848CE,233/848
849CE,234/849
850CE,235/850
851CE,236/851
852CE,237/852
853CE,238/853
854CE,239/854
855CE,240/855
856CE,241/856
857CE,242/857
858CE,243/858
859CE,244/859
860CE,245/860
861CE,246/861
862CE,247/862
863CE,248/863
864CE,249/864
865CE,250/865
866CE,251/866
867CE,252/867
868CE,253/868
869CE,254/869
870CE,255/870
871CE,256/871
872CE,257/872
873CE,258/873
874CE,259/874
875CE,260/875
876CE,261/876
877CE,262/877
878CE,264/878
879CE,265/879
880CE,266/880
881CE,267/881
882CE,268/882
883CE,269/883
884CE,270/884
885CE,271/885
886CE,272/886
887CE,273/887
888CE,274/888
889CE,275/889
890CE,276/890
891CE,277/891
892CE,278/892
893CE,279/893
894CE,280/894
895CE,281/895
896CE,282/896
897CE,283/897
898CE,284/898
899CE,285/899
900CE,286/900
901CE,287/901
902CE,288/902
903CE,289/903
904CE,290/904
905CE,291/905
906CE,292/906
907CE,293/907
908CE,294/908
909CE,295/909
910CE,297/910
911CE,298/911
912CE,299/912
913CE,300/913
914CE,301/914
915CE,302/915
916CE,303/916
917CE,304/917
918CE,305/918
919CE,306/919
920CE,307/920
921CE,308/921
922CE,309/922
923CE,310/923
924CE,311/924
925CE,312/925
926CE,313/926
927CE,314/927
928CE,315/928
929CE,316/929
930CE,317/930
931CE,318/931
932CE,319/932
933CE,320/933
934CE,321/934
935CE,322/935
936CE,323/936
937CE,324/937
938CE,325/938
939CE,326/939
940CE,327/940
941CE,328/941
942CE,330/942
943CE,331/943
944CE,332/944
945CE,333/945
946CE,334/946
947CE,335/947
948CE,336/948
949CE,337/949
950CE,338/950
951CE,339/951
952CE,340/952
953CE,341/953
954CE,342/954
955CE,343/955
956CE,344/956
957CE,345/957
958CE,346/958
959CE,347/959
960CE,348/960
961CE,349/961
962CE,350/962
963CE,351/963
964CE,352/964
965CE,353/965
966CE,354/966
967CE,355/967
968CE,356/968
969CE,357/969
970CE,358/970
971CE,359/971
972CE,360/972
973CE,361/973
974CE,363/974
975CE,364/975
976CE,365/976
977CE,366/977
978CE,367/978
979CE,368/979
980CE,369/980
981CE,370/981
982CE,371/982
983CE,372/983
984CE,373/984
985CE,374/985
986CE,375/986
987CE,376/987
988CE,377/988
989CE,378/989
990CE,379/990
991CE,380/991
992CE,381/992
993CE,382/993
994CE,383/994
995CE,384/995
996CE,385/996
997CE,386/997
998CE,387/998
999CE,388/999
1000CE,389/1000
1001CE,390/1001
1002CE,391/1002
1003CE,392/1003
1004CE,393/1004
1005CE,394/1005
1006CE,396/1006
1007CE,397/1007
1008CE,398/1008
1009CE,399/1009
1010CE,400/1010
1011CE,401/1011
1012CE,402/1012
1013CE,403/1013
1014CE,404/1014
1015CE,405/1015
1016CE,406/1016
1017CE,407/1017
1018CE,408/1018
1019CE,409/1019
1020CE,410/1020
1021CE,411/1021
1022CE,412/1022
1023CE,413/1023
1024CE,414/1024
1025CE,415/1025
1026CE,416/1026
1027CE,417/1027
1028CE,418/1028
1029CE,419/1029
1030CE,420/1030
1031CE,421/1031
1032CE,422/1032
1033CE,423/1033
1034CE,424/1034
1035CE,425/1035
1036CE,426/1036
1037CE,427/1037
1038CE,429/1038
1039CE,430/1039
1040CE,431/1040
1041CE,432/1041
1042CE,433/1042
1043CE,434/1043
1044CE,435/1044
1045CE,436/1045
1046CE,437/1046
1047CE,438/1047
1048CE,439/1048
1049CE,440/1049
1050CE,441/1050
1051CE,442/1051
1052CE,443/1052
1053CE,444/1053
1054CE,445/1054
1055CE,446/1055
1056CE,447/1056
1057CE,448/1057
1058CE,449/1058
1059CE,450/1059
1060CE,451/1060
1061CE,452/1061
1062CE,453/1062
1063CE,454/1063
1064CE,455/1064
1065CE,456/1065
1066CE,457/1066
1067CE,458/1067
1068CE,459/1068
1069CE,460/1069
1070CE,462/1070
1071CE,463/1071
1072CE,464/1072
1073CE,465/1073
1074CE,466/1074
1075CE,467/1075
1076CE,468/1076
1077CE,469/1077
1078CE,470/1078
1079CE,471/1079
1080CE,472/1080
1081CE,473/1081
1082CE,474/1082
1083CE,475/1083
1084CE,476/1084
1085CE,477/1085
1086CE,478/1086
1087CE,479/1087
1088CE,480/1088
1089CE,481/1089
1090CE,482/1090
1091CE,483/1091
1092CE,484/1092
1093CE,485/1093
1094CE,486/1094
1095CE,487/1095
1096CE,488/1096
1097CE,489/1097
1098CE,490/1098
1099CE,491/1099
1100CE,492/1100
1101CE,493/1101
1102CE,495/1102
1103CE,496/1103
1104CE,497/1104
1105CE,498/1105
1106CE,499/1106
1107CE,500/1107
1108CE,501/1108
1109CE,502/1109
1110CE,503/1110
1111CE,504/1111
1112CE,505/1112
1113CE,506/1113
1114CE,507/1114
1115CE,508/1115
1116CE,509/1116
1117CE,510/1117
1118CE,511/1118
1119CE,512/1119
1120CE,513/1120
1121CE,514/1121
1122CE,515/1122
1123CE,516/1123
1124CE,517/1124
1125CE,518/1125
1126CE,519/1126
1127CE,520/1127
1128CE,521/1128
1129CE,522/1129
1130CE,523/1130
1131CE,524/1131
1132CE,525/1132
1133CE,526/1133
1134CE,528/1134
1135CE,529/1135
1136CE,530/1136
1137CE,531/1137
1138CE,532/1138
1139CE,533/1139
1140CE,534/1140
1141CE,535/1141
1142CE,536/1142
1143CE,537/1143
1144CE,538/1144
1145CE,539/1145
1146CE,540/1146
1147CE,541/1147
1148CE,542/1148
1149CE,543/1149
1150CE,544/1150
1151CE,545/1151
1152CE,546/1152
1153CE,547/1153
1154CE,548/1154
1155CE,549/1155
1156CE,550/1156
1157CE,551/1157
1158CE,552/1158
1159CE,553/1159
1160CE,554/1160
1161CE,555/1161
1162CE,556/1162
1163CE,557/1163
1164CE,558/1164
1165CE,559/1165
1166CE,561/1166
1167CE,562/1167
1168CE,563/1168
1169CE,564/1169
1170CE,565/1170
1171CE,566/1171
1172CE,567/1172
1173CE,568/1173
1174CE,569/1174
1175CE,570/1175
1176CE,571/1176
1177CE,572/1177
1178CE,573/1178
1179CE,574/1179
1180CE,575/1180
1181CE,576/1181
1182CE,577/1182
1183CE,578/1183
1184CE,579/1184
1185CE,580/1185
1186CE,581/1186
1187CE,582/1187
1188CE,583/1188
1189CE,584/1189
1190CE,585/1190
1191CE,586/1191
1192CE,587/1192
1193CE,588/1193
1194CE,589/1194
1195CE,590/1195
1196CE,591/1196
1197CE,592/1197
1198CE,594/1198
1199CE,595/1199
1200CE,596/1200
1201CE,597/1201
1202CE,598/1202
1203CE,599/1203
1204CE,600/1204
1205CE,601/1205
1206CE,602/1206
1207CE,603/1207
1208CE,604/1208
1209CE,605/1209
1210CE,606/1210
1211CE,607/1211
1212CE,608/1212
1213CE,609/1213
1214CE,610/1214
1215CE,611/1215
1216CE,612/1216
1217CE,613/1217
1218CE,614/1218
1219CE,615/1219
1220CE,616/1220
1221CE,617/1221
1222CE,618/1222
1223CE,619/1223
1224CE,620/1224
1225CE,621/1225
1226CE,622/1226
1227CE,623/1227
1228CE,624/1228
1229CE,625/1229
1230CE,627/1230
1231CE,628/1231
1232CE,629/1232
1233CE,630/1233
1234CE,631/1234
1235CE,632/1235
1236CE,633/1236
1237CE,634/1237
1238CE,635/1238
1239CE,636/1239
1240CE,637/1240
1241CE,638/1241
1242CE,639/1242
1243CE,640/1243
1244CE,641/1244
1245CE,642/1245
1246CE,643/1246
1247CE,644/1247
1248CE,645/1248
1249CE,646/1249
1250CE,647/1250
1251CE,648/1251
1252CE,649/1252
1253CE,650/1253
1254CE,651/1254
1255CE,652/1255
1256CE,653/1256
1257CE,654/1257
1258CE,655/1258
1259CE,656/1259
1260CE,657/1260
1261CE,658/1261
1262CE,660/1262
1263CE,661/1263
1264CE,662/1264
1265CE,663/1265
1266CE,664/1266
1267CE,665/1267
1268CE,666/1268
1269CE,667/1269
1270CE,668/1270
1271CE,669/1271
1272CE,670/1272
1273CE,671/1273
1274CE,672/1274
1275CE,673/1275
1276CE,674/1276
1277CE,675/1277
1278CE,676/1278
1279CE,677/1279
1280CE,678/1280
1281CE,679/1281
1282CE,680/1282
1283CE,681/1283
1284CE,682/1284
1285CE,683/1285
1286CE,684/1286
1287CE,685/1287
1288CE,686/1288
1289CE,687/1289
1290CE,688/1290
1291CE,689/1291
1292CE,690/1292
1293CE,691/1293
1294CE,693/1294
1295CE,694/1295
1296CE,695/1296
1297CE,696/1297
1298CE,697/1298
1299CE,698/1299
1300CE,699/1300
1301CE,700/1301
1302CE,701/1302
1303CE,702/1303
1304CE,703/1304
1305CE,704/1305
1306CE,705/1306
1307CE,706/1307
1308CE,707/1308
1309CE,708/1309
1310CE,709/1310
1311CE,710/1311
1312CE,711/1312
1313CE,712/1313
1314CE,713/1314
1315CE,714/1315
1316CE,715/1316
1317CE,716/1317
1318CE,717/1318
1319CE,718/1319
1320CE,719/1320
1321CE,720/1321
1322CE,721/1322
1323CE,722/1323
1324CE,723/1324
1325CE,724/1325
1326CE,726/1326
1327CE,727/1327
1328CE,728/1328
1329CE,729/1329
1330CE,730/1330
1331CE,731/1331
1332CE,732/1332
1333CE,733/1333
1334CE,734/1334
1335CE,735/1335
1336CE,736/1336
1337CE,737/1337
1338CE,738/1338
1339CE,739/1339
1340CE,740/1340
1341CE,741/1341
1342CE,742/1342
1343CE,743/1343
1344CE,744/1344
1345CE,745/1345
1346CE,746/1346
1347CE,747/1347
1348CE,748/1348
1349CE,749/1349
1350CE,750/1350
1351CE,751/1351
1352CE,752/1352
1353CE,753/1353
1354CE,754/1354
1355CE,755/1355
1356CE,756/1356
1357CE,757/1357
1358CE,759/1358
1359CE,760/1359
1360CE,761/1360
1361CE,762/1361
1362CE,763/1362
1363CE,764/1363
1364CE,765/1364
1365CE,766/1365
1366CE,767/1366
1367CE,768/1367
1368CE,769/1368
1369CE,770/1369
1370CE,771/1370
1371CE,772/1371
1372CE,773/1372
1373CE,774/1373
1374CE,775/1374
1375CE,776/1375
1376CE,777/1376
1377CE,778/1377
1378CE,779/1378
1379CE,780/1379
1380CE,781/1380
1381CE,782/1381
1382CE,783/1382
1383CE,784/1383
1384CE,785/1384
1385CE,786/1385
1386CE,787/1386
1387CE,788/1387
1388CE,789/1388
1389CE,790/1389
1390CE,792/1390
1391CE,793/1391
1392CE,794/1392
1393CE,795/1393
1394CE,796/1394
1395CE,797/1395
1396CE,798/1396
1397CE,799/1397
1398CE,800/1398
1399CE,801/1399
1400CE,802/1400
1401CE,803/1401
1402CE,804/1402
1403CE,805/1403
1404CE,806/1404
1405CE,807/1405
1406CE,808/1406
1407CE,809/1407
1408CE,810/1408
1409CE,811/1409
1410CE,812/1410
1411CE,813/1411
1412CE,814/1412
1413CE,815/1413
1414CE,816/1414
1415CE,817/1415
1416CE,818/1416
1417CE,819/1417
1418CE,820/1418
1419CE,821/1419
1420CE,822/1420
1421CE,823/1421
1422CE,825/1422
1423CE,826/1423
1424CE,827/1424
1425CE,828/1425
1426CE,829/1426
1427CE,830/1427
1428CE,831/1428
1429CE,832/1429
1430CE,833/1430
1431CE,834/1431
1432CE,835/1432
1433CE,836/1433
1434CE,837/1434
1435CE,838/1435
1436CE,839/1436
1437CE,840/1437
1438CE,841/1438
1439CE,842/1439
1440CE,843/1440
1441CE,844/1441
1442CE,845/1442
1443CE,846/1443
1444CE,847/1444
1445CE,848/1445
1446CE,849/1446
1447CE,850/1447
1448CE,851/1448
1449CE,852/1449
1450CE,853/1450
1451CE,854/1451
1452CE,855/1452
1453CE,856/1453
1454CE,858/1454
1455CE,859/1455
1456CE,860/1456
1457CE,861/1457
1458CE,862/1458
1459CE,863/1459
1460CE,864/1460
1461CE,865/1461
1462CE,866/1462
1463CE,867/1463
1464CE,868/1464
1465CE,869/1465
1466CE,870/1466
1467CE,871/1467
1468CE,872/1468
1469CE,873/1469
1470CE,874/1470
1471CE,875/1471
1472CE,876/1472
1473CE,877/1473
1474CE,878/1474
1475CE,879/1475
1476CE,880/1476
1477CE,881/1477
1478CE,882/1478
1479CE,883/1479
1480CE,884/1480
1481CE,885/1481
1482CE,886/1482
1483CE,887/1483
1484CE,888/1484
1485CE,889/1485
1486CE,891/1486
1487CE,892/1487
1488CE,893/1488
1489CE,894/1489
1490CE,895/1490
1491CE,896/1491
1492CE,897/1492
1493CE,898/1493
1494CE,899/1494
1495CE,900/1495
1496CE,901/1496
1497CE,902/1497
1498CE,903/1498
1499CE,904/1499
1500CE,905/1500
1501CE,906/1501
1502CE,907/1502
1503CE,908/1503
1504CE,909/1504
1505CE,910/1505
1506CE,911/1506
1507CE,912/1507
1508CE,913/1508
1509CE,914/1509
1510CE,915/1510
1511CE,916/1511
1512CE,917/1512
1513CE,918/1513
1514CE,919/1514
1515CE,920/1515
1516CE,921/1516
1517CE,922/1517
1518CE,924/1518
1519CE,925/1519
1520CE,926/1520
1521CE,927/1521
1522CE,928/1522
1523CE,929/1523
1524CE,930/1524
1525CE,931/1525
1526CE,932/1526
1527CE,933/1527
1528CE,934/1528
1529CE,935/1529
1530CE,936/1530
1531CE,937/1531
1532CE,938/1532
1533CE,939/1533
1534CE,940/1534
1535CE,941/1535
1536CE,942/1536
1537CE,943/1537
1538CE,944/1538
1539CE,945/1539
1540CE,946/1540
1541CE,947/1541
1542CE,948/1542
1543CE,949/1543
1544CE,950/1544
1545CE,951/1545
1546CE,952/1546
1547CE,953/1547
1548CE,954/1548
1549CE,955/1549
1550CE,957/1550
1551CE,958/1551
1552CE,959/1552
1553CE,960/1553
1554CE,961/1554
1555CE,962/1555
1556CE,963/1556
1557CE,964/1557
1558CE,965/1558
1559CE,966/1559
1560CE,967/1560
1561CE,968/1561
1562CE,969/1562
1563CE,970/1563
1564CE,971/1564
1565CE,972/1565
1566CE,973/1566
1567CE,974/1567
1568CE,975/1568
1569CE,976/1569
1570CE,977/1570
1571CE,978/1571
1572CE,979/1572
1573CE,980/1573
1574CE,981/1574
1575CE,982/1575
1576CE,983/1576
1577CE,984/1577
1578CE,985/1578
1579CE,986/1579
1580CE,987/1580
1581CE,988/1581
1582CE,990/1582
1583CE,991/1583
1584CE,992/1584
1585CE,993/1585
1586CE,994/1586
1587CE,995/1587
1588CE,996/1588
1589CE,997/1589
1590CE,998/1590
1591CE,999/1591
1592CE,1000/1592
1593CE,1001/1593
1594CE,1002/1594
1595CE,1003/1595
1596CE,1004/1596
1597CE,1005/1597
1598CE,1006/1598
1599CE,1007/1599
1600CE,1008/1600
1601CE,1009/1601
1602CE,1010/1602
1603CE,1011/1603
1604CE,1012/1604
1605CE,1013/1605
1606CE,1014/1606
1607CE,1015/1607
1608CE,1016/1608
1609CE,1017/1609
1610CE,1018/1610
1611CE,1019/1611
1612CE,1020/1612
1613CE,1021/1613
1614CE,1023/1614
1615CE,1024/1615
1616CE,1025/1616
1617CE,1026/1617
1618CE,1027/1618
1619CE,1028/1619
1620CE,1029/1620
1621CE,1030/1621
1622CE,1031/1622
1623CE,1032/1623
1624CE,1033/1624
1625CE,1034/1625
1626CE,1035/1626
1627CE,1036/1627
1628CE,1037/1628
1629CE,1038/1629
1630CE,1039/1630
1631CE,1040/1631
1632CE,1041/1632
1633CE,1042/1633
1634CE,1043/1634
1635CE,1044/1635
1636CE,1045/1636
1637CE,1046/1637
1638CE,1047/1638
1639CE,1048/1639
1640CE,1049/1640
1641CE,1050/1641
1642CE,1051/1642
1643CE,1052/1643
1644CE,1053/1644
1645CE,1054/1645
1646CE,1056/1646
1647CE,1057/1647
1648CE,1058/1648
1649CE,1059/1649
1650CE,1060/1650
1651CE,1061/1651
1652CE,1062/1652
1653CE,1063/1653
1654CE,1064/1654
1655CE,1065/1655
1656CE,1066/1656
1657CE,1067/1657
1658CE,1068/1658
1659CE,1069/1659
1660CE,1070/1660
1661CE,1071/1661
1662CE,1072/1662
1663CE,1073/1663
1664CE,1074/1664
1665CE,1075/1665
1666CE,1076/1666
1667CE,1077/1667
1668CE,1078/1668
1669CE,1079/1669
1670CE,1080/1670
1671CE,1081/1671
1672CE,1082/1672
1673CE,1083/1673
1674CE,1084/1674
1675CE,1085/1675
1676CE,1086/1676
1677CE,1087/1677
1678CE,1089/1678
1679CE,1090/1679
1680CE,1091/1680
1681CE,1092/1681
1682CE,1093/1682
1683CE,1094/1683
1684CE,1095/1684
1685CE,1096/1685
1686CE,1097/1686
1687CE,1098/1687
1688CE,1099/1688
1689CE,1100/1689
1690CE,1101/1690
1691CE,1102/1691
1692CE,1103/1692
1693CE,1104/1693
1694CE,1105/1694
1695CE,1106/1695
1696CE,1107/1696
1697CE,1108/1697
1698CE,1109/1698
1699CE,1110/1699
1700CE,1111/1700
1701CE,1112/1701
1702CE,1113/1702
1703CE,1114/1703
1704CE,1115/1704
1705CE,1116/1705
1706CE,1117/1706
1707CE,1118/1707
1708CE,1119/1708
1709CE,1120/1709
1710CE,1122/1710
1711CE,1123/1711
1712CE,1124/1712
1713CE,1125/1713
1714CE,1126/1714
1715CE,1127/1715
1716CE,1128/1716
1717CE,1129/1717
1718CE,1130/1718
1719CE,1131/1719
1720CE,1132/1720
1721CE,1133/1721
1722CE,1134/1722
1723CE,1135/1723
1724CE,1136/1724
1725CE,1137/1725
1726CE,1138/1726
1727CE,1139/1727
1728CE,1140/1728
1729CE,1141/1729
1730CE,1142/1730
1731CE,1143/1731
1732CE,1144/1732
1733CE,1145/1733
1734CE,1146/1734
1735CE,1147/1735
1736CE,1148/1736
1737CE,1149/1737
1738CE,1150/1738
1739CE,1151/1739
1740CE,1152/1740
1741CE,1153/1741
1742CE,1155/1742
1743CE,1156/1743
1744CE,1157/1744
1745CE,1158/1745
1746CE,1159/1746
1747CE,1160/1747
1748CE,1161/1748
1749CE,1162/1749
1750CE,1163/1750
1751CE,1164/1751
1752CE,1165/1752
1753CE,1166/1753
1754CE,1167/1754
1755CE,1168/1755
1756CE,1169/1756
1757CE,1170/1757
1758CE,1171/1758
1759CE,1172/1759
1760CE,1173/1760
1761CE,1174/1761
1762CE,1175/1762
1763CE,1176/1763
1764CE,1177/1764
1765CE,1178/1765
1766CE,1179/1766
1767CE,1180/1767
1768CE,1181/1768
1769CE,1182/1769
1770CE,1183/1770
1771CE,1184/1771
1772CE,1185/1772
1773CE,1186/1773
1774CE,1188/1774
1775CE,1189/1775
1776CE,1190/1776
1777CE,1191/1777
1778CE,1192/1778
1779CE,1193/1779
1780CE,1194/1780
1781CE,1195/1781
1782CE,1196/1782
1783CE,1197/1783
1784CE,1198/1784
1785CE,1199/1785
1786CE,1200/1786
1787CE,1201/1787
1788CE,1202/1788
1789CE,1203/1789
1790CE,1204/1790
1791CE,1205/1791
1792CE,1206/1792
1793CE,1207/1793
1794CE,1208/1794
1795CE,1209/1795
1796CE,1210/1796
1797CE,1211/1797
1798CE,1212/1798
1799CE,1213/1799
1800CE,1214/1800
1801CE,1215/1801
1802CE,1216/1802
1803CE,1217/1803
1804CE,1218/1804
1805CE,1219/1805
1806CE,1221/1806
1807CE,1222/1807
1808CE,1223/1808
1809CE,1224/1809
1810CE,1225/1810
1811CE,1226/1811
1812CE,1227/1812
1813CE,1228/1813
1814CE,1229/1814
1815CE,1230/1815
1816CE,1231/1816
1817CE,1232/1817
1818CE,1233/1818
1819CE,1234/1819
1820CE,1235/1820
1821CE,1236/1821
1822CE,1237/1822
1823CE,1238/1823
1824CE,1239/1824
1825CE,1240/1825
1826CE,1241/1826
1827CE,1242/1827
1828CE,1243/1828
1829CE,1244/1829
1830CE,1245/1830
1831CE,1246/1831
1832CE,1247/1832
1833CE,1248/1833
1834CE,1249/1834
1835CE,1250/1835
1836CE,1251/1836
1837CE,1252/1837
1838CE,1254/1838
1839CE,1255/1839
1840CE,1256/1840
1841CE,1257/1841
1842CE,1258/1842
1843CE,1259/1843
1844CE,1260/1844
1845CE,1261/1845
1846CE,1262/1846
1847CE,1263/1847
1848CE,1264/1848
1849CE,1265/1849
1850CE,1266/1850
1851CE,1267/1851
1852CE,1268/1852
1853CE,1269/1853
1854CE,1270/1854
1855CE,1271/1855
1856CE,1272/1856
1857CE,1273/1857
1858CE,1274/1858
1859CE,1275/1859
1860CE,1276/1860
1861CE,1277/1861
1862CE,1278/1862
1863CE,1279/1863
1864CE,1280/1864
1865CE,1281/1865
1866CE,1282/1866
1867CE,1283/1867
1868CE,1284/1868
1869CE,1285/1869
1870CE,1287/1870
1871CE,1288/1871
1872CE,1289/1872
1873CE,1290/1873
1874CE,1291/1874
1875CE,1292/1875
1876CE,1293/1876
1877CE,1294/1877
1878CE,1295/1878
1879CE,1296/1879
1880CE,1297/1880
1881CE,1298/1881
1882CE,1299/1882
1883CE,1300/1883
1884CE,1301/1884
1885CE,1302/1885
1886CE,1303/1886
1887CE,1304/1887
1888CE,1305/1888
1889CE,1306/1889
1890CE,1307/1890
1891CE,1308/1891
1892CE,1309/1892
1893CE,1310/1893
1894CE,1311/1894
1895CE,1312/1895
1896CE,1313/1896
1897CE,1314/1897
1898CE,1315/1898
1899CE,1316/1899
1900CE,1317/1900
1901CE,1318/1901
1902CE,1320/1902
1903CE,1321/1903
1904CE,1322/1904
1905CE,1323/1905
1906CE,1324/1906
1907CE,1325/1907
1908CE,1326/1908
1909CE,1327/1909
1910CE,1328/1910
1911CE,1329/1911
1912CE,1330/1912
1913CE,1331/1913
1914CE,1332/1914
1915CE,1333/1915
1916CE,1334/1916
1917CE,1335/1917
1918CE,1336/1918
1919CE,1337/1919
1920CE,1338/1920
1921CE,1339/1921
1922CE,1340/1922
1923CE,1341/1923
1924CE,1342/1924
1925CE,1343/1925
1926CE,1344/1926
1927CE,1345/1927
1928CE,1346/1928
1929CE,1347/1929
1930CE,1348/1930
1931CE,1349/1931
1932CE,1350/1932
1933CE,1351/1933
1934CE,1353/1934
1935CE,1354/1935
1936CE,1355/1936
1937CE,1356/1937
1938CE,1357/1938
1939CE,1358/1939
1940CE,1359/1940
1941CE,1360/1941
1942CE,1361/1942
1943CE,1362/1943
1944CE,1363/1944
1945CE,1364/1945
1946CE,1365/1946
1947CE,1366/1947
1948CE,1367/1948
1949CE,1368/1949
1950CE,1369/1950
1951CE,1370/1951
1952CE,1371/1952
1953CE,1372/1953
1954CE,1373/1954
1955CE,1374/1955
1956CE,1375/1956
1957CE,1376/1957
1958CE,1377/1958
1959CE,1378/1959
1960CE,1379/1960
1961CE,1380/1961
1962CE,1381/1962
1963CE,1382/1963
1964CE,1383/1964
1965CE,1384/1965
1966CE,1386/1966
1967CE,1387/1967
1968CE,1388/1968
1969CE,1389/1969
1970CE,1390/1970
1971CE,1391/1971
1972CE,1392/1972
1973CE,1393/1973
1974CE,1394/1974
1975CE,1395/1975
1976CE,1396/1976
1977CE,1397/1977
1978CE,1398/1978
1979CE,1399/1979
1980CE,1400/1980
1981CE,1401/1981
1982CE,1402/1982
1983CE,1403/1983
1984CE,1404/1984
1985CE,1405/1985
1986CE,1406/1986
1987CE,1407/1987
1988CE,1408/1988
1989CE,1409/1989
1990CE,1410/1990
1991CE,1411/1991
1992CE,1412/1992
1993CE,1413/1993
1994CE,1414/1994
1995CE,1415/1995
1996CE,1416/1996
1997CE,1417/1997
1998CE,1419/1998
1999CE,1420/1999
2000CE,1421/2000
2001CE,1422/2001
2002CE,1423/2002
2003CE,1424/2003
2004CE,1425/2004
2005CE,1426/2005
2006CE,1427/2006
2007CE,1428/2007
2008CE,1429/2008
2009CE,1430/2009
2010CE,1431/2010
2011CE,1432/2011
2012CE,1433/2012
2013CE,1434/2013
2014CE,1435/2014
2015CE,1436/2015
2016CE,1437/2016
2017CE,1438/2017
2018CE,1439/2018
2019CE,1440/2019
2020CE,1441/2020
2021CE,1442/2021
2022CE,1443/2022
2023CE,1444/2023
2024CE,1445/2024
2025CE,1446/2025
2026CE,1447/2026
2027CE,1448/2027
2028CE,1449/2028
2029CE,1450/2029
2030CE,1452/2030
2031CE,1453/2031
2032CE,1454/2032
2033CE,1455/2033
2034CE,1456/2034
2035CE,1457/2035
2036CE,1458/2036
2037CE,1459/2037
2038CE,1460/2038
2039CE,1461/2039
2040CE,1462/2040
2041CE,1463/2041
2042CE,1464/2042
2043CE,1465/2043
2044CE,1466/2044
2045CE,1467/2045
2046CE,1468/2046
2047CE,1469/2047
2048CE,1470/2048
2049CE,1471/2049
2050CE,1472/2050
2051CE,1473/2051
2052CE,1474/2052
2053CE,1475/2053
2054CE,1476/2054
2055CE,1477/2055
2056CE,1478/2056
2057CE,1479/2057
2058CE,1480/2058
2059CE,1481/2059
2060CE,1482/2060
2061CE,1483/2061
2062CE,1485/2062
2063CE,1486/2063
2064CE,1487/2064
2065CE,1488/2065
2066CE,1489/2066
2067CE,1490/2067
2068CE,1491/2068
2069CE,1492/2069
2070CE,1493/2070
2071CE,1494/2071
2072CE,1495/2072
2073CE,1496/2073
2074CE,1497/2074
2075CE,1498/2075
2076CE,1499/2076
2077CE,1500/2077
2078CE,1501/2078
2079CE,1502/2079
2080CE,1503/2080
2081CE,1504/2081
2082CE,1505/2082
2083CE,1506/2083
2084CE,1507/2084
2085CE,1508/2085
2086CE,1509/2086
2087CE,1510/2087
2088CE,1511/2088
2089CE,1512/2089
2090CE,1513/2090
2091CE,1514/2091
2092CE,1515/2092
2093CE,1516/2093
2094CE,1518/2094
2095CE,1519/2095
2096CE,1520/2096
2097CE,1521/2097
2098CE,1522/2098
2099CE,1523/2099
2100CE,1524/2100
2101CE,1525/2101
2102CE,1526/2102
2103CE,1527/2103
2104CE,1528/2104
2105CE,1529/2105
2106CE,1530/2106
2107CE,1531/2107
2108CE,1532/2108
2109CE,1533/2109
2110CE,1534/2110
2111CE,1535/2111
2112CE,1536/2112
2113CE,1537/2113
2114CE,1538/2114
2115CE,1539/2115
2116CE,1540/2116
2117CE,1541/2117
2118CE,1542/2118
2119CE,1543/2119
2120CE,1544/2120
2121CE,1545/2121
2122CE,1546/2122
2123CE,1547/2123
2124CE,1548/2124
2125CE,1549/2125
2126CE,1551/2126
2127CE,1552/2127
2128CE,1553/2128
2129CE,1554/2129
2130CE,1555/2130
2131CE,1556/2131
2132CE,1557/2132
2133CE,1558/2133
2134CE,1559/2134
2135CE,1560/2135
2136CE,1561/2136
2137CE,1562/2137
2138CE,1563/2138
2139CE,1564/2139
2140CE,1565/2140
2141CE,1566/2141
2142CE,1567/2142
2143CE,1568/2143
2144CE,1569/2144
2145CE,1570/2145
2146CE,1571/2146
2147CE,1572/2147
2148CE,1573/2148
2149CE,1574/2149
2150CE,1575/2150
2151CE,1576/2151
2152CE,1577/2152
2153CE,1578/2153
2154CE,1579/2154
2155CE,1580/2155
2156CE,1581/2156
2157CE,1582/2157
2158CE,1584/2158
2159CE,1585/2159
2160CE,1586/2160
2161CE,1587/2161
2162CE,1588/2162
2163CE,1589/2163
2164CE,1590/2164
2165CE,1591/2165
2166CE,1592/2166
2167CE,1593/2167
2168CE,1594/2168
2169CE,1595/2169
2170CE,1596/2170
2171CE,1597/2171
2172CE,1598/2172
2173CE,1599/2173
2174CE,1600/2174
2175CE,1601/2175
2176CE,1602/2176
2177CE,1603/2177
2178CE,1604/2178
2179CE,1605/2179
2180CE,1606/2180
2181CE,1607/2181
2182CE,1608/2182
2183CE,1609/2183
2184CE,1610/2184
2185CE,1611/2185
2186CE,1612/2186
2187CE,1613/2187
2188CE,1614/2188
2189CE,1615/2189
2190CE,1617/2190
2191CE,1618/2191
2192CE,1619/2192
2193CE,1620/2193
2194CE,1621/2194
2195CE,1622/2195
2196CE,1623/2196
2197CE,1624/2197
2198CE,1625/2198
2199CE,1626/2199
2200CE,1627/2200
2201CE,1628/2201
2202CE,1629/2202
2203CE,1630/2203
2204CE,1631/2204
2205CE,1632/2205
2206CE,1633/2206
2207CE,1634/2207
2208CE,1635/2208
2209CE,1636/2209
2210CE,1637/2210
2211CE,1638/2211
2212CE,1639/2212
2213CE,1640/2213
2214CE,1641/2214
2215CE,1642/2215
2216CE,1643/2216
2217CE,1644/2217
2218CE,1645/2218
2219CE,1646/2219
2220CE,1647/2220
2221CE,1648/2221
2222CE,1650/2222
2223CE,1651/2223
2224CE,1652/2224
2225CE,1653/2225
2226CE,1654/2226
2227CE,1655/2227
2228CE,1656/2228
2229CE,1657/2229
2230CE,1658/2230
2231CE,1659/2231
2232CE,1660/2232
2233CE,1661/2233
2234CE,1662/2234
2235CE,1663/2235
2236CE,1664/2236
2237CE,1665/2237
2238CE,1666/2238
2239CE,1667/2239
2240CE,1668/2240
2241CE,1669/2241
2242CE,1670/2242
2243CE,1671/2243
2244CE,1672/2244
2245CE,1673/2245
2246CE,1674/2246
2247CE,1675/2247
2248CE,1676/2248
2249CE,1677/2249
2250CE,1678/2250
2251CE,1679/2251
2252CE,1680/2252
2253CE,1681/2253
2254CE,1683/2254
2255CE,1684/2255
2256CE,1685/2256
2257CE,1686/2257
2258CE,1687/2258
2259CE,1688/2259
2260CE,1689/2260
2261CE,1690/2261
2262CE,1691/2262
2263CE,1692/2263
2264CE,1693/2264
2265CE,1694/2265
2266CE,1695/2266
2267CE,1696/2267
2268CE,1697/2268
2269CE,1698/2269
2270CE,1699/2270
2271CE,1700/2271
2272CE,1701/2272
2273CE,1702/2273
2274CE,1703/2274
2275CE,1704/2275
2276CE,1705/2276
2277CE,1706/2277
2278CE,1707/2278
2279CE,1708/2279
2280CE,1709/2280
2281CE,1710/2281
2282CE,1711/2282
2283CE,1712/2283
2284CE,1713/2284
2285CE,1714/2285
2286CE,1716/2286
2287CE,1717/2287
2288CE,1718/2288
2289CE,1719/2289
2290CE,1720/2290
2291CE,1721/2291
2292CE,1722/2292
2293CE,1723/2293
2294CE,1724/2294
2295CE,1725/2295
2296CE,1726/2296
2297CE,1727/2297
2298CE,1728/2298
2299CE,1729/2299
2300CE,1730/2300
2301CE,1731/2301
2302CE,1732/2302
2303CE,1733/2303
2304CE,1734/2304
2305CE,1735/2305
2306CE,1736/2306
2307CE,1737/2307
2308CE,1738/2308
2309CE,1739/2309
2310CE,1740/2310
2311CE,1741/2311
2312CE,1742/2312
2313CE,1743/2313
2314CE,1744/2314
2315CE,1745/2315
2316CE,1746/2316
2317CE,1747/2317
2318CE,1749/2318
2319CE,1750/2319
2320CE,1751/2320
2321CE,1752/2321
2322CE,1753/2322
2323CE,1754/2323
2324CE,1755/2324
2325CE,1756/2325
2326CE,1757/2326
2327CE,1758/2327
2328CE,1759/2328
2329CE,1760/2329
2330CE,1761/2330
2331CE,1762/2331
2332CE,1763/2332
2333CE,1764/2333
2334CE,1765/2334
2335CE,1766/2335
2336CE,1767/2336
2337CE,1768/2337
2338CE,1769/2338
2339CE,1770/2339
2340CE,1771/2340
2341CE,1772/2341
2342CE,1773/2342
2343CE,1774/2343
2344CE,1775/2344
2345CE,1776/2345
2346CE,1777/2346
2347CE,1778/2347
2348CE,1779/2348
2349CE,1780/2349
2350CE,1782/2350
2351CE,1783/2351
2352CE,1784/2352
2353CE,1785/2353
2354CE,1786/2354
2355CE,1787/2355
2356CE,1788/2356
2357CE,1789/2357
2358CE,1790/2358
2359CE,1791/2359
2360CE,1792/2360
2361CE,1793/2361
2362CE,1794/2362
2363CE,1795/2363
2364CE,1796/2364
2365CE,1797/2365
2366CE,1798/2366
2367CE,1799/2367
2368CE,1800/2368
2369CE,1801/2369
2370CE,1802/2370
2371CE,1803/2371
2372CE,1804/2372
2373CE,1805/2373
2374CE,1806/2374
2375CE,1807/2375
2376CE,1808/2376
2377CE,1809/2377
2378CE,1810/2378
2379CE,1811/2379
2380CE,1812/2380
2381CE,1813/2381
2382CE,1815/2382
2383CE,1816/2383
2384CE,1817/2384
2385CE,1818/2385
2386CE,1819/2386
2387CE,1820/2387
2388CE,1821/2388
2389CE,1822/2389
2390CE,1823/2390
2391CE,1824/2391
2392CE,1825/2392
2393CE,1826/2393
2394CE,1827/2394
2395CE,1828/2395
2396CE,1829/2396
2397CE,1830/2397
2398CE,1831/2398
2399CE,1832/2399
2400CE,1833/2400
2401CE,1834/2401
2402CE,1835/2402
2403CE,1836/2403
2404CE,1837/2404
2405CE,1838/2405
2406CE,1839/2406
2407CE,1840/2407
2408CE,1841/2408
2409CE,1842/2409
2410CE,1843/2410
2411CE,1844/2411
2412CE,1845/2412
2413CE,1846/2413
2414CE,1848/2414
2415CE,1849/2415
2416CE,1850/2416
2417CE,1851/2417
2418CE,1852/2418
2419CE,1853/2419
2420CE,1854/2420
2421CE,1855/2421
2422CE,1856/2422
2423CE,1857/2423
2424CE,1858/2424
2425CE,1859/2425
2426CE,1860/2426
2427CE,1861/2427
2428CE,1862/2428
2429CE,1863/2429
2430CE,1864/2430
2431CE,1865/2431
2432CE,1866/2432
2433CE,1867/2433
2434CE,1868/2434
2435CE,1869/2435
2436CE,1870/2436
2437CE,1871/2437
2438CE,1872/2438
2439CE,1873/2439
2440CE,1874/2440
2441CE,1875/2441
2442CE,1876/2442
2443CE,1877/2443
2444CE,1878/2444
2445CE,1879/2445
2446CE,1881/2446
2447CE,1882/2447
2448CE,1883/2448
2449CE,1884/2449
2450CE,1885/2450
2451CE,1886/2451
2452CE,1887/2452
2453CE,1888/2453
2454CE,1889/2454
2455CE,1890/2455
2456CE,1891/2456
2457CE,1892/2457
2458CE,1893/2458
2459CE,1894/2459
2460CE,1895/2460
2461CE,1896/2461
2462CE,1897/2462
2463CE,1898/2463
2464CE,1899/2464
2465CE,1900/2465
2466CE,1901/2466
2467CE,1902/2467
2468CE,1903/2468
2469CE,1904/2469
2470CE,1905/2470
2471CE,1906/2471
2472CE,1907/2472
2473CE,1908/2473
2474CE,1909/2474
2475CE,1910/2475
2476CE,1911/2476
2477CE,1912/2477
2478CE,1914/2478
2479CE,1915/2479
2480CE,1916/2480
2481CE,1917/2481
2482CE,1918/2482
2483CE,1919/2483
2484CE,1920/2484
2485CE,1921/2485
2486CE,1922/2486
2487CE,1923/2487
2488CE,1924/2488
2489CE,1925/2489
2490CE,1926/2490
2491CE,1927/2491
2492CE,1928/2492
2493CE,1929/2493
2494CE,1930/2494
2495CE,1931/2495
2496CE,1932/2496
2497CE,1933/2497
2498CE,1934/2498
2499CE,1935/2499
2500CE,1936/2500
